text,Label,Score
awesome vid,1,0.9998481273651124
wait four cats four crazy cat man,0,0.9970335960388184
kangaroos steroids weird pets person meth getting arrested xd interesting,1,0.9728941917419434
he39ll fuck,0,0.8062646389007568
kangaroo pet,0,0.6490091681480408
rays beard looks like girlfriends vagina,0,0.9884797930717468
flexin ya beard,1,0.8241847157478333
links like us facebook twitter google knife google i39m ray william johnson approve message,1,0.9909349083900452
da faq even kangaroo exist doesn39t look real,0,0.999761998653412
holy fuck ray look like even bigger douche bag lose beard bitch,0,0.9984721541404724
supporter beard mister johnson,1,0.9884336590766908
even fuck ray,0,0.9954956769943236
shiet,0,0.9721943140029908
rewind,0,0.999297261238098
meth one hell drug,0,0.9663283228874208
hey rey ask dont shave,0,0.9513412117958068
kangaroo jacked,0,0.949476718902588
send videos,0,0.998607337474823
kangaroo might disorder fat turns muscle,0,0.9968791007995604
everyone thinks arrest harsh dad used missouri highway patrol woulda kicked guys ass arrested,0,0.99528968334198
female kangarooes pouches,0,0.7282657027244568
missed great opportunity say kangaroo jacked damn ray,0,0.9996891021728516
href hilarious xd,1,0.9874268770217896
91st,1,0.8033307790756226
quotmeoquot cat,0,0.9808943867683412
wwow kangarow,0,0.9815736413002014
totally nailed wizerd gundarr href doppelgangsta39s paradise,0,0.9482415914535522
guess jack hasbputs sunglasses onb jacked much,1,0.8891347646713257
wo pig sooie,1,0.8936134576797485
welcome australia kangaroo normal p,1,0.9990136623382568
brutal police states shows people afraid never go america,0,0.9610416889190674
hi ray beard november,1,0.9692594408988952
welcome australia,1,0.9998095631599426
please done endd show,0,0.5149701833724976
kangroo myostatin deficiency guess,0,0.9992161989212036
koala koala bear,0,0.974543571472168
name equals three episode quotafter shiatquot,0,0.9979173541069032
aussies look like,1,0.9929656982421876
bfacepalmb don39t call koala bears they39re koalas,0,0.9953232407569884
even spot bro,0,0.975592851638794
one funnyredheart,0,0.9884743094444276
video kangaroo roids like one characters video game overgrowthbr,0,0.9984588623046876
kangaroo looks like doublemuscling mutation represses myostatin protein consequently augmenting muscle growth it39s genetic mutation nothing worry happens dogs cattle,0,0.988631784915924
oh god expression methead damn funny,0,0.9980798959732056
yay ray got fire backlast episode acted like forced make video he39s awesomely happy,1,0.9993543028831482
theres spot wall must brothers er soometheene,1,0.9645789265632628
best one yet,1,0.9998568296432496
like cop holds pistol like fps game,1,0.9014239311218262
didn39t bleep,0,0.994122326374054
funnyest ep i39ve seen long time ray,1,0.9966061115264891
omg ray william johnson muslim muslim beard,0,0.9713978171348572
started buffer href kinda strange,0,0.998562753200531
kangaroo tho,0,0.9628301858901978
that39s laundry basket,0,0.9947218894958496
holy shit kangaroo beast bet would badass boxing ring,0,0.8805752992630005
equals three,1,0.9792724251747132
quotyo dude sorry hear got neutered lemme fix youquot,0,0.9958178400993348
kind glad live america deal kangaroos steroids,1,0.9913873076438904
uploaded romantic valentine39s day look channel that39s perfect you39re going restaurants dim yellow lightings would mean world check don39t subscribe want people give chance thank time,1,0.9983394145965576
dont whay,0,0.9935077428817748
ah want pet squirrel,0,0.995640993118286
koalas aren39t bears,0,0.9916861653327942
episode hilarious,1,0.9998726844787598
every video 9gag tv way,0,0.9974810481071472
yeah href fart omg yes,0,0.9799973964691162
kangoroos flex intimidate kangoroo males mate it39s natural thing,1,0.997970163822174
loved ep much dd roflmao,1,0.9997281432151794
da f,0,0.9401711225509644
fucker,0,0.9967628717422484
main problem cop took hands wheel high speed chase,0,0.9992595314979552
kangaroo incredibly disturbing,0,0.9919454455375672
nothing say squirrel don39t meannuttin say,0,0.9961594343185424
lol quothiding nuts laundry basketquot href,0,0.9985300302505492
kangaroo juicing,0,0.9882700443267822
facewithtearsofjoyfacewithtearsofjoylol,0,0.6970565319061279
ray satan trying send message number cideos you39ve uploaded,0,0.996113657951355
u try videos like,0,0.9989936947822572
wonder sports announcer taiwan would say kangaroo,0,0.8521198034286499
haven39t watched one videos years hell grow beard,0,0.9958820343017578
come take look channel x,1,0.6100955009460449
arkansas yet i39m still fucked state,0,0.998584508895874
last video makes think video could made rooster teeth immersion fps game,0,0.9957204461097716
squaids,0,0.9943476319313048
damn noticed ana credits quotflufferquot big rob quotfirst associate chief exorcismsquot lol,0,0.9528657793998718
4 cats,1,0.9826656579971312
serious nomination funniest episode evah,1,0.9996830224990844
href darth vader xd,0,0.9716829657554626
hey ray thing koala bear sayin39,0,0.9831959009170532
hahah quotdo even fuck broquot,0,0.9957551956176758
fuck going kangaroo,0,0.9992035031318665
um looks like arabian beard,0,0.9542535543441772
dude gets stopped police officer pack wolves rum,0,0.997603476047516
australia ancient people land call quotturkey sausagequot,0,0.983551561832428
laughing ass last videos xd brray don39t stop making 3 it39s better comedy quotcomediansquot,1,0.9516634941101074
found kangaroo roger tekken,0,0.7416874766349792
steroids,0,0.9788522124290466
kangaroo video big worldstar,1,0.969935655593872
130th,1,0.9962474703788756
man he39s kangaroo jacked,0,0.989310383796692
see youve watched vitalys videos ray,0,0.9768335819244384
i39m loving beard ray,1,0.9978971481323242
4 cats wtf,0,0.9830081462860109
70th,1,0.9979922771453856
href farted,0,0.9987583160400392
cute video clip squirrel lolol awesome buff kangaroo haha,1,0.9981675148010254
bring back music videos,1,0.9984917640686036
koala bear it39s marsupialbrbr,0,0.9981813430786132
ray flexed could hear fart,0,0.9949841499328612
guy got pulled may mental problem,0,0.99806410074234
first nope 99th,0,0.9944698810577391
ray squirrel rescue baby that39s girls keep pet felt comfortable place rescuer felt love mean wouldn39t love squirrel pet cute,1,0.9711687564849854
don39t turn around kangaroo punchbrget donkey punch haha fuck,0,0.9886038303375244
hahahhahahahahahhah tries cover nuts xd,0,0.9992641806602478
href quotfirst associate chief exorcisms big robquot,0,0.9915238618850708
21st commet woot,0,0.9883335828781128
june 3 2019 ayfirefirefire,1,0.8046186566352844
woah i39m first comment,0,0.9948148131370544
bring back yfm please,1,0.9958829879760742
hell fluffer anyway,0,0.9994657635688782
119,1,0.9886705875396729
check ironman animation,1,0.9989217519760132
totally try meth know start weed wacker sat winter revs like crazy couple minuets imagine,0,0.8604851365089417
wtf ray methgt,0,0.9885386824607848
639th video,0,0.8969087600708008
16th,1,0.9800707697868348
dog named spot xd,0,0.9438156485557556
friend showed kangaroo video saturday told follow,1,0.9815846681594848
dog39s like brdude,0,0.997704803943634
anyone read credits quite laugh times,1,0.995997667312622
spartacus u r one idiot hate ya rwj awesome,1,0.9975714087486268
fk given fishing police officer,0,0.9978845715522766
ray please help know i39ve writing videos it39s it39s important i39m trying get attention please help,1,0.9676905274391174
real golemsmivel,1,0.99396014213562
quotdo even fuck broquot needs everywhere,0,0.981314480304718
give shout friend ruth big fans,1,0.99983549118042
always thought bugs look like aliens,0,0.9916211366653442
may little late party exorcist begone demons,0,0.993034601211548
police using glock17,0,0.9760358929634094
2 videos outrage jk keep good workbr,1,0.9997001886367798
cat sounds like dog lo,0,0.995817482471466
jessie p sketch chucked money car window guy nerd,0,0.997260808944702
breed dog 2nd video,0,0.9968247413635254
didn39t realize early got,0,0.987169623374939
kangaroo genetic mutation called double muscle,0,0.979965329170227
squirrel made rofl hard,0,0.989079773426056
looks like roommate,1,0.9029141664505004
broscience parody p,0,0.8134018182754517
lmao kangaroo woow,0,0.9908047914505004
something wrong kangaroo,0,0.998116970062256
forgot midget still makes videos,0,0.9897645711898804
href mo,0,0.983742892742157
dat kangaroo making kindz gainz kindz,0,0.9630037546157836
always hide quotnutsquot laundry,0,0.9904035329818726
whoohoo arkansas,1,0.7156158685684204
hahahahahha href loled,0,0.996123731136322
669 videos know mean,0,0.9749414920806884
watching 2017,0,0.9885091185569764
flush toilet thing isnt funny anymore,0,0.9992175102233888
kangaroo penguins madagascar series,1,0.9713088870048524
6th video,1,0.9915183186531068
koala bears don39t make hop kangaroo39s pouch come fuck,0,0.931549906730652
love videos lose beard dont cover shayna punim p,0,0.9819813370704652
male kangeroos dont pouches p,0,0.6773213148117065
u even fuck bro,0,0.9923959970474244
shave beardbeardo,0,0.9810405373573304
cat impression tho,1,0.8559034466743469
australia obvious find,0,0.9962453246116638
ray shave,0,0.8623493909835815
laughed hard little squirrel dogs face,1,0.9794106483459472
really hoping quotkangaroo jack39dquot joke,0,0.9976227879524232
view getting days used get hours,0,0.9700847268104552
ray shi,1,0.9930247068405152
dat last joke,0,0.9957672357559204
appeared like really good time filming one maybe you39re getting hang keep,1,0.999039590358734
haha lol funny,1,0.999819815158844
hahaha always shiet thing end,0,0.9683675765991212
pet squirrel,0,0.9362287521362304
think officer took dude must first watched kangaroo video p lol,0,0.9934375882148744
facial hair gave cancer,0,0.9987541437149048
woot toot,0,0.9858763813972472
awesome,1,0.9998639822006226
u sure meth never seen anyone meth freak liek,0,0.9601548314094543
best rwj ever,1,0.999835968017578
would actually surprised game wardens deal aside standard fishing without permit,1,0.5829370617866516
looks like somebody missed leg day,0,0.9996007084846495
want youtube video reviews less pod castslike post,0,0.9991841912269592
bleeps lol,0,0.9951964020729064
ray make tshirt kangaroo put quotdo even lift broquot yes yes,0,0.9807366132736206
301,1,0.9982337951660156
75th,1,0.9994320273399352
kangroo tho x39d,0,0.973482310771942
yayaayayayay,1,0.644399881362915
href that39s funny ray,0,0.9996981620788574
cat noise though hahahahahaha,0,0.983794629573822
ray nutz,1,0.6258196234703064
href us,1,0.98856121301651
waitwhat happened ray bleeping swear words don39t virgin ears nice happened watching episodes kids around,0,0.992782711982727
nope benching wombats,0,0.8713625073432922
dog wasn39t apathetic scared shitless squirrels vicious predators nature,0,0.9935160875320436
used censor words like fuck like better without bleep ticks hes slowly giving less fucks show since last year,0,0.666549801826477
fuck funny,1,0.9941657781600952
funny thing kangaroo better shape half people watching,1,0.9974688291549684
laughed hard said even fuck bro lmao xd,0,0.8049049377441406
isnt kenguru tekken,0,0.99433571100235
yay,1,0.9140980839729308
liked deserve worthy likes,1,0.9998088479042052
feeling would show squirrel video,0,0.995184361934662
quot6 videosquot,0,0.9953752756118774
year bring back right nowbr,1,0.9972098469734192
put vines,1,0.5572130084037781
kangaroo must munchin protein,0,0.9942295551300048
live computer file called blockstationand im made blocks,0,0.9987786412239076
i39m reading comments one talking meth head reason face freaked,0,0.9993798732757568
want pet squirrel,0,0.9969831109046936
guy last vid looks like kong halvor,0,0.9868355989456176
kangaroo eat kababs,0,0.9446797370910645
eh dog39s named spot,0,0.9188726544380188
i39ve got giveaway channel x,1,0.9699674248695374
live arkansas 00,0,0.8674852252006531
wtf wrong people beard bet comment u cannot even grow beard really wtf beard he39s fucking life people u cannot tell he39s life,0,0.9996259212493896
fuck jaw shave man,0,0.9981984496116638
don39t mess roo39s,0,0.9841911792755128
kangaroos 6 feet tall well would scared see,0,0.8131737112998962
1 comment,1,0.836641252040863
week make money people,0,0.947216272354126
dub squirrel video,0,0.9989357590675354
feel really bad meth head looks camera think peaceful soul,0,0.988508403301239
moment href,0,0.9677533507347108
href xd,0,0.9841744303703308
make kangaroo jack joke saying jacked,0,0.9956771731376648
seems like kangaroo quotrappingquot showing quotmusclequot lol,0,0.9897337555885316
thats male kangaroos end looking like anyway tbh,0,0.9241691827774048
funny omg,1,0.999816358089447
like anna fluffer,1,0.9980849027633668
151th omgbrno one cares,0,0.9994351267814636
4 cats get lonely,0,0.9891669750213624
hey huge follower would like could give shout venezuela everything happening media closed saying showing truth need international media influential people show us support rihanna gave us shout please help us let people around world know happening country students appreciate,1,0.9991137385368348
hey ray 39koalaquotnot koala bear,0,0.990523874759674
lol arkansas game fish i39m pretty sure i39ve highway that39s another day,0,0.9936487078666688
russia max 100500,1,0.9970768690109252
don39t question day,0,0.9986263513565063
sometimes like hide nuts laundry basket mum gets bit surprise goes wash clothes though,0,0.5559120178222656
quotbury nut inside dogs furquot,0,0.9905381202697754
kangaroo39s condition could caused mutation doesn39t look normal know many cows bread doublemuscle syndrome,0,0.999611794948578
wow can39t believe guy39s still unfunny videos getting away huge pile money process,0,0.9988025426864624
guy get caught policehe meth user,0,0.976423680782318
finalely,1,0.9071009159088136
reason feel bad man shamed publicly camera also keeps cops line,1,0.9968758821487428
oh shbb,1,0.6249602437019348
wise man said don39t give fuck you39re saying don39t give fuck,0,0.9851470589637756
y39all watching 2018,0,0.8751879930496216
don39t even call man cop cops deserve respect doubt needed muscle training jion fish club instead using gun civilians use,0,0.9972659349441528
fluffer credits,0,0.9994494318962096
remembered dont censor vids anymore,0,0.9914950132369996
watch happy birthday brendon creepy,1,0.999242663383484
wow ray i39ve long time watcher 2 12 years wow you39re channel grown much you39re reason started channel used make happy thursday tuesday decided quothey come backquot fantastic memories coming back great laughs great jokes remember quotproject runawayquot directer wow thanks ray great laughs fantastic videos lt3,1,0.9998119473457336
219th,1,0.9734990000724792
lolz gotta see buff kangaroo vide,0,0.636344850063324
href hekangaroo jacked get,0,0.9967923760414124
supposed funnybrbr,0,0.999242067337036
hahahaha funny ray ur jokes still suc,0,0.9997652173042296
four cats that39s,0,0.96690171957016
anyone else hear fart ray flexes,0,0.9907069206237792
thats red kangeroo,0,0.923867404460907
dog made think dying dog cousinbrbrbrbri39m sad,0,0.9039472341537476
ironic part im watching breaking bad,0,0.9934213757514954
hiding nuts huhuhuhuuh,0,0.99545019865036
ray make 3 videos week like use 1 minute video39s st like 6 7 minutes video long cbrlove video39s ray,1,0.97797292470932
ahcute squirlyheartsuit,1,0.9962416887283324
can39t put price smegma,0,0.9976588487625122
love,1,0.9998656511306764
ray making new show youtube made recap 3 videos like one won39t forget fucking kangoroo,0,0.9811485409736632
kangaroo jacked,0,0.98855060338974
80th person,1,0.9966801404953004
subscribe sub back,1,0.5101425647735596
one great laughed lot quotthis probably cell matequot comment,1,0.9996065497398376
awesome like game xd,1,0.9998642206192015
fuck shaving february,0,0.9950785636901855
108th,1,0.9979773163795472
href href,0,0.9919301867485046
anyone realise wil taller go gym tell,0,0.5629832744598389
god wish 3 would last longer,0,0.997171938419342
bkoala bearsbbrin australia call koalas,1,0.6329636573791504
kangaroo jack steriods,0,0.934308648109436
best,1,0.9998332262039183
video used schools teach young happens get high shiti bet drugs market collapse,0,0.9997748732566832
epic meow,1,0.9996331930160522
kangaroo something called myostatin deficiency myostatin protein inhibits growth muscle individuals animals lack protein literally build muscle top muscle first time saw example thought photoshopped,0,0.9980964064598083
flex zone,0,0.8311027884483337
first boha,0,0.9658380746841432
best video ray,1,0.9997102618217468
guys scream got car,0,0.9932574033737184
almost first,1,0.9907826781272888
know little guns know one officer holding looks like glock halflife,0,0.9991969466209412
eyes,1,0.9965971112251282
said quoti nutting sayquot href,0,0.9922675490379332
u say gaymen fish commision,0,0.9981585144996644
best video ever laughed,1,0.9997994303703308
6e vid,0,0.8113082647323608
can39t second thoughts something you39ve already done,0,0.9800924062728882
hey rayner squid,1,0.9809991121292114
live arkansas,1,0.866658091545105
rwj you39re fun lt3,1,0.6290165781974792
hate animals hate mom,0,0.6234451532363892
hiding nuts joke,0,0.999088168144226
seriously needs continue equals three end wtf,0,0.989356815814972
dat kangaroo looks like roger jr tekken,0,0.9908872842788696
smeagle,0,0.9978684186935424
need shave bro,0,0.991555631160736
super kangaroo jacked,0,0.9905241131782532
still gitting even hilarious,1,0.9998377561569214
kangaroo 2d legs lol,0,0.9443288445472716
kangaroo something,0,0.5427490472793579
binge watching,0,0.9487048983573914
quotyou know fucks give yea well buried backyardquot lml,0,0.9976025223731996
yeah come australia kangaroos make bitchbr,0,0.7843677401542664
46,1,0.9369895458221436
one hilarious ray keep good jokes,1,0.9998190999031068
4 cats seriously dude,0,0.9603808522224426
great episode ray laughed ass keep good work brgreetings poland,1,0.9998394250869752
someone send sir fedora,0,0.8968471884727478
grinningfacewithsmilingeyes,0,0.6970565319061279
href,0,0.9973445534706116
think kangaroo roids,0,0.9839808344841005
feel bad guy,0,0.9996873140335084
rwj really phoned one lol,0,0.9821848273277284
ray satanic 6 videos,0,0.9826263189315796
one knocks,0,0.7996229529380798
four cats,1,0.9690380692481996
kangaroo gainz,1,0.9460328817367554
one best videos long time keep ray,1,0.9998548030853271
arkansas they39ll f,1,0.9995681643486024
ending soon wtf,0,0.9983093738555908
fuck 301 views i39ll never 300 club,0,0.9934646487236024
aussie power,1,0.9996274709701538
12,1,0.7370908856391907
beard suits,1,0.999717652797699
thinks raywilliamjohnson39s profile pic looks like meme pic,0,0.995640516281128
ray review papa john39s cheeseburger pizza commercial,0,0.6176893711090088
6 video,0,0.878147542476654
koalas aren39t bear fuck saying,0,0.98816978931427
think cop camera required places,0,0.99606591463089
plz don39t quit youtube videos ray i39m sure didn39t mean tweet wanted end series plz stay 39,0,0.9905070066452026
die menschen zum lachen bringen ist super,1,0.9099273085594176
kolas aren39t bears,0,0.9721419215202332
lol,0,0.9438178539276124
ray male kangaroo39s dont pouches hahahaha,0,0.9367178678512572
bearded rey way funnier facial harred rey,1,0.9903563857078552
tried cat sound made cow moo,0,0.9989475607872008
it39s kangaroo jack,0,0.9037794470787048
hiding nuts laundry basket lololololololo,0,0.9956560134887696
want kangaroo pet,0,0.984259307384491
ray aren39t ya youtube rewind,0,0.999006688594818
beard scary would much appreciated whole entire world shaved please,0,0.9856163263320924
great episode squirrel cutebrsaludos desde espaa,1,0.9997310042381288
review quoton floorquot icejjfish,0,0.9859609603881836
quotdo even fuck broquot hahahaha,0,0.9936102032661438
equals three chhit come dude,0,0.7007516622543335
butt pug,0,0.9953963160514832
href,0,0.9827619194984436
made giggle,1,0.999584972858429
guess say squirrel nutted bitch,0,0.9734740853309632
kangaroo didnt even look normal see way flexing muscles play bro,0,0.9807357788085938
u know fucks give well buried em back yard lol,0,0.9984135627746582
ray william check dana ohara big booty bitches great check,1,0.9994427561759948
video number 6 obama letter coincidence think,0,0.9945676326751708
approve message lol even know bra,1,0.9989055395126344
hilarious loved,1,0.9998883008956908
someone39s liftin,1,0.8856313228607178
ok 1 video 2 videoand,1,0.6104053854942322
shame ur thinking stoppin ray makes laugh every time,1,0.983345627784729
href lol,0,0.9924692511558532
make 539s,0,0.9663662314414978
love channel don39t know something bleeping curse words makes respect ray little lesslike succumbed pressure hey gotta gotta,1,0.99164479970932
quottrying bury nutquot something sexual can39t put finger,0,0.9983343482017516
really hate say ray get like 50 views one day unlike days stats disabled kinda suspecting view bots lt,0,0.9994786381721495
669 videos i39m caught i39ve watched 6,1,0.9970954656600952
dat cop video,0,0.9942654967308044
send clip ray,0,0.9988079071044922
first,1,0.9987308382987976
he39s kangaroo jacked,0,0.986652672290802
aww dog 3,0,0.9959237575531006
href sounds like evil wizard gundarr39s episodes ahahahaha,0,0.9894086122512816
use funnier,1,0.9936496615409852
hey guys like blogs fun come check blog started friendquotstop spamquot might say want people share thoughts post want people hear us would great went checked thanks thatbloogdoea href replace dot,1,0.97898530960083
kangaroo disease common dogs also happens animals like kangaroo,0,0.9689555764198304
even 4 cats,0,0.854931116104126
fuck sake don39t end show please u one youtubers still actually funny,0,0.9967045187950134
female kangoorusor ever way u spell pouches,0,0.9826384782791138
best comments end,1,0.9858350157737732
best cat impression ever xd,1,0.9994072914123536
third one looks like joker camera man especially end,0,0.994049310684204
best ever least,1,0.9995781779289246
oh arkansas xd we39re bunch methheads,0,0.9960982799530028
aww squirell,0,0.9537517428398132
woo,1,0.990616500377655
lol live arkansas,0,0.5224977135658264
video halarious keep thing ray,0,0.9850283861160278
retire already,0,0.9984563589096068
offence funny anymore girlfriends still hot,0,0.9911905527114868
game warden one hardcore jesus,0,0.993852972984314
iv done meth pretty much like adhd medicine pretty suttle,0,0.9961081147193908
it39s koalas koala bears ffs americans told throughout 9039s steve erwin teach still get wrong aren39t bears,0,0.9980887770652772
he39s pretty normal kangaroo bigger ones bigger muscles,1,0.9891335368156432
ray awesome inspired deeply sad 3 run really don39t like spam recently got new camera audio mic made video called quotmega dellquot wondering could view give feedback project would help much future videos thank much,1,0.9987708926200868
ray crazy cat bitch,0,0.9962843060493468
make cat lady,1,0.6482300758361816
remember seeing arrest happen funny seeing,1,0.9985443353652954
kanguroo roids man,0,0.5920725464820862
koala bear attached name koala39s marsupial sub group animals mammal family fyi male kangaroos actually box one stupid enough get close boxing joke would appropriate side note tastebrnice,1,0.9835214614868164
58th comment,1,0.9062682390213012
dog burnese mountain peacful spacily raised,0,0.98885577917099
hey ray little bit midlife crisis face,1,0.8090223073959351
guess could say he39skangaroo jacked,0,0.99724018573761
last clip suspect reported armed dangerous that39s cop responded way,0,0.9889768958091736
fritos sub,0,0.990131974220276
still going stop making get views videos,0,0.9994003772735596
squirrel within inches good hiding hole,0,0.978455364704132
happy 669th video,1,0.9998573064804076
considering fact live arkansas i39m surprised comes last video,0,0.9892314076423644
lol i39ve got dog it39s called bernese mountain dog,0,0.994249939918518
wtf happen many f word,0,0.998033344745636
holy motha kangaroo,0,0.9493297338485718
i39m kinda surprised cop didn39t shoot,1,0.9594216346740724
weird said arkansas game fish committee whatever organization big thing northwest arkansas live,0,0.998792290687561
gotta hide nut,0,0.9942123293876648
href best boy electric darth vaderbrps where39s catt lauer,0,0.6298291087150574
understand australian wildlife dangerous rest world,0,0.9833367466926576
ray retiring 3,0,0.9968763589859008
australia39s kangaroos,1,0.9131946563720704
dying video,0,0.9974263310432434
god bless murica last vid,1,0.9993865489959716
kangaroobalotelli,0,0.9598269462585448
kangeroo son,1,0.9910619258880616
video 6,0,0.791444718837738
07 fart sound,0,0.9997606873512268
ray definitely made joke squirrel burying nut tweaker39s ass,0,0.9985767602920532
kangaroo jacked,0,0.9973809123039246
hay ray want start show like urs tips also recommend making video start making show props u ur guest host ur idole,1,0.774941623210907
even fuck bro lol,0,0.9850267767906188
ahah love video laught xd,1,0.9996895790100098
great episode,1,0.9998549222946168
href brwatch stream haunted memories scary game,1,0.8103228211402893
try get funny videos reybr,0,0.9974690675735474
kangaroo words quotdo even fuck broquot tshirt life complete,0,0.9710392355918884
dog looks seriously confused lol,0,0.9987236857414246
he39s backbr,0,0.6482241153717041
cool shiet,1,0.9998533725738524
quotdo even fuck brahquot sorry cracked,0,0.999200403690338
74th comment,1,0.9526686072349548
ray don39t like adds got corona beer ads win friends,1,0.9997900128364564
kangaroo definately steriods,0,0.973440647125244
live arkansas,0,0.9885956645011902
oh vader got new work,1,0.9994242191314696
href omg dying,0,0.9987282156944276
love ending shiyett,1,0.9998437166213988
koala39s aren39t bears,0,0.9735243320465088
awesome ray havent watched one year got lot funnier bleep bad words anymore,1,0.9980899691581726
dare ray dare get rid show it39s damn funny look terror methhead39s face absolutely priceless can39t make shit brbryou39re best 3 missed,1,0.5514227747917175
hm,0,0.9940614104270936
brobrshave,0,0.9637448787689208
hahahah quotstop fucker stopquot,0,0.9991334080696106
4 cats quotcat hair lonely people glitterquot,0,0.9906601309776306
ray could help people ue promotion petitionbra href,0,0.9813303351402284
lucky state arkansas must dedicated officer field cathing poachers unlicensed fishermen seriously woman hardcore,0,0.9897465705871582
4 cats,1,0.9969013929367064
yay arkansas live know abut cop right one shot yes ok,0,0.995225191116333
best episode,1,0.9993925094604492
mobile says ray 6 videos,0,0.9879361391067504
squirrel xd,0,0.8291239142417908
oh god it39s like kangaroos steriods take steriods,0,0.9824568033218384
really dont want show end,0,0.9984511137008668
ah read week kangaroo39s really flex attract mate guy probably scores plenty,1,0.9971702694892884
y39know ray something stylish don39t let go caveman shave damn beard,1,0.8693468570709229
squirrel hides nut dogs butt saw original,0,0.9996336698532104
watch cat video,0,0.9753477573394777
pet squirell abandoned baby classed vermin rspca wouldnt take inbrbrour squiz 39cyril39 also liked bury nuts everywhere one day even stepdads armpits,0,0.9939992427825928
subscribe ill subscribe back,0,0.999242067337036
kangaroo roids much,0,0.9752823114395142
dat squirrel,0,0.9844362735748292
ya gonna youtube die,0,0.9772497415542604
australia biatchbr,0,0.9729174375534058
291 viewer,1,0.939960479736328
cop brutal,0,0.9878756403923036
6 videos wtf,0,0.9118327498435974
shave fbb beard,0,0.9816469550132751
love thumbsupthumbsupthumbsupthumbsupcatwithtearsofjoy,1,0.9998791217803956
6 vid 00,0,0.9820382595062256
dance,1,0.9988874793052672
facewithtearsofjoyfacewithtearsofjoyfacewithtearsofjoyfacewithtearsofjoyloudlycryingfaceloudlycryingfacefacewithtearsofjoyfacewithtearsofjoyfacewithtearsofjoy,0,0.6970565319061279
whos watching 2001,1,0.9969611763954164
expecting smelly nuts joke due squirel hidings nuts laundry basket,0,0.998474895954132
omg 4 cats wonder crazy,1,0.9902335405349731
whos watching 2017 like,0,0.9586553573608398
cover one eminems albums you39re wall paper,0,0.9933547973632812
yes willus,1,0.9996614456176758
bambr,1,0.9507887959480286
darth vader xd,1,0.9823585152626038
think first video cgi,0,0.9913771152496338
fuck honestly i39m going miss watching ur videos day u quit making ray i39ve subscribed u 4 years good memories n many laughs old chap,0,0.986549437046051
href lol,0,0.9952822327613832
dogs name realy spot,1,0.9223155975341796
100th like,1,0.9893934726715088
huge kangarooflexedbicepsdarkskintoneflexedbicepsdarkskintoneflexedbicepsdarkskintoneflexedbicepsdarkskintoneflexedbicepsdarkskintoneflexedbicepsdarkskintoneflexedbicepsdarkskintoneflexedbicepsdarkskintoneflexedbicepsdarkskintoneflexedbicepsdarkskintoneflexedbicepsdarkskintoneflexedbicepsdarkskintoneflexedbicepsdarkskintoneflexedbicepsdarkskintoneflexedbicepsdarkskintoneflexedbicepsdarkskintoneflexedbicepsdarkskintoneoncomingfistdarkskintoneoncomingfistdarkskintoneoncomingfistdarkskintoneoncomingfistdarkskintoneoncomingfistdarkskintoneoncomingfistdarkskintoneoncomingfistdarkskintoneoncomingfistdarkskintoneoncomingfistdarkskintoneflexedbicepsdarkskintoneflexedbicepsdarkskintoneflexedbicepsdarkskintoneflexedbicepsdarkskintoneflexedbicepsdarkskintoneflexedbicepsdarkskintoneflexedbicepsdarkskintoneflexedbicepsdarkskintoneneutralface,1,0.9980789422988892
know i39m going take high road make joke smuggling meth fish,0,0.9848006963729858
href face omfg can39t facewithtearsofjoyfacewithtearsofjoyfacewithtearsofjoyfacewithtearsofjoyfacewithtearsofjoyOKhandwavinghand,0,0.9845640659332277
39 2017,1,0.9399722814559937
yep 100 fart hahahaha,0,0.9864975810050964
dude post video one one stop showing it39s embarrassing you39re funny,0,0.9997583031654358
shave damn 192039s pubic bush face man child,0,0.9863209128379822
third video killed xdd towards end,0,0.9974095225334167
briike comment heard fart href xd,0,0.9978702068328856
almost want cherish videos last year thisalmost loljk,1,0.9974576830863952
america would see policeman like,1,0.7808488011360168
squrrell great great great grandson guy ice age,1,0.9978945851325988
dogs face like wtf squirrel,0,0.9976270794868468
ever smoked bagpipe,0,0.9540675282478333
awe squirrel video,1,0.9646309018135072
ray hope congress gets better d39,0,0.9864837527275084
end squirrel video theres ghost cuz see dot move,0,0.9864248037338256
yeah fck arkansas fishing hunting cops,1,0.9511175751686096
r censors,0,0.9974773526191713
damn kangaroo jacked puns aside,0,0.9986849427223206
ur shows finally get better better normalle good long timeand u gonne quit,0,0.998790681362152
live arkansas,1,0.9989427924156188
116th,1,0.9972915053367616
episode lame,0,0.9997929930686952
bring back yourfavoritemartian,0,0.8219312429428101
first comment oh wait bet ray got hots kangaroo,1,0.9271117448806764
cop video made think first person shooters,1,0.768991231918335
16,1,0.9878718852996826
one cares youre 79th 100th get hobby,0,0.9997183680534364
669 videos heh,0,0.9854972958564758
13th listen screw want legit chain acually click newest comment say number,0,0.9916836023330688
href 3939hes alien3939,0,0.9738983511924744
meth head tom cruise,0,0.9906558394432068
lol bench pressing koala bears,0,0.9845222234725952
kinda hoping kangaroo jack joke,0,0.9951342940330504
great videos dude,1,0.9998642206192015
39roo fuckin39 jacked,0,0.9986636638641356
best cat impression,1,0.9997627139091492
ray disappoint 2 reviewsvideos,0,0.9879330992698668
anybody else notice put darth vader credits,0,0.9827871322631836
makes proud arky,1,0.999852180480957
anyone else noticed stopped censoring words,0,0.998245120048523
lol even fuck bro hahaha,0,0.9917622804641724
86,1,0.9845684766769408
669 vidsbrcongratz,1,0.9892717599868774
dbol,0,0.9984259605407716
even fuck bro,0,0.979842245578766
ray hooker stop giving head clown circus thought tasted funny badumpdump,0,0.9991443157196044
new test added,1,0.9815587401390076
testing new comment,0,0.8587408065795898
isn39t koala bear it39s koala,0,0.998178005218506
marsupial kangaroo jacked,0,0.9954291582107544
one best 3s,1,0.9996449947357178
yo show funny,0,0.9401992559432985
everyone stop watching rays channels really uhsay hussain found recently im saying,0,0.9887219667434692
person owns squirrel freinds aunt xd,0,0.8917626738548279
i39m arkansas finally something exciting happened,1,0.9993258714675904
real life version kangaroo penguins madagascar,1,0.9972757697105408
lol good episode,1,0.9998469352722168
don39t embarrassed little squirrel proud nuts walk around hanging like,1,0.9997329115867616
meth even,0,0.8451735973358154
uploaded birthday,1,0.6144015192985535
flexin,1,0.9684211015701294
methhead also squirrel trying bury nuts damn day long,0,0.9958937168121338
hope ray dosn39t stop equals 3,1,0.8745617866516113
fuck beard,0,0.9985411167144777
best video,1,0.9997138381004332
man you39re great,1,0.9998676776885986
quotdo even fuck broquot,0,0.9918748736381532
hahahaa,0,0.9478150010108948
danm jmennui de tasha cest video font penser elle pcq aimait les regarder ensemble,0,0.8839001059532166
hahaha meth head shitting bricks,0,0.9994601607322692
ya even fuck brah aha,0,0.9962181448936462
yea kangaroo puff fuck,0,0.9937684535980223
meth great preworkout bro little tho,1,0.9680193662643432
best boy electric darth vader,1,0.9978812336921692
dog looks 238 done,0,0.9984579086303712
may think kangaroo looks weird funny that39s attract female kangaroos,1,0.9770128726959229
hmm shave beard look like homeless guy,0,0.9984917640686036
least squirrel didn39t put ass,0,0.9892559051513672
look like really evil beard,0,0.9970422387123108
darth vader u fukin serious,0,0.9013747572898864
bring back quotthe comment question dayquot,1,0.7635500431060791
beards coming raja bin jihad,0,0.964442253112793
dat roo,0,0.976466417312622
skurrel bidc chu spell itb,0,0.997610330581665
doesn39t hide nuts laundry basket,0,0.996516227722168
1st preparing nopes,0,0.9925922155380248
hahaha even fuck bro,0,0.9960476756095886
arkansas game fish rep south,0,0.7058001160621643
anyone else notice face shaved last frame,0,0.9964709281921388
super funny 904,1,0.99372535943985
hey people follow please singing channel need followers thanks,0,0.9813517928123474
that39s get australia saying roo39s size aren39t uncommon,0,0.997524082660675
good vid,1,0.999848484992981
channel,0,0.8285150527954102
dayum,0,0.991601288318634
lol bunking kangaroo,0,0.9850503206253052
looks like another nut drops dogs ass end,0,0.9989763498306274
methhead,1,0.9986171722412108
stop madafuka stop,0,0.9991187453269958
video funny fuck,1,0.993363618850708
hahaha,1,0.8176082372665405
bear kangaroo day son,1,0.9943917393684388
already tried put nuts dog film never got viral,0,0.9994152784347534
ray end 3 please atleast onceamonth,0,0.993100881576538
cool video see watchvyecak3skbi4,1,0.9996577501296996
ahahahha wtf hhahahahah,0,0.998869001865387
lol ending funny,1,0.9996562004089355
reason kangaroos buff climb trees lot,0,0.8856387138366699
didnt know osama bin ladin makes tube videos 0,0,0.9959529638290404
3456,1,0.8329236507415771
best rwj video ever,1,0.9998300075531006
refreshed,1,0.9998185038566588
pew pew pew,0,0.902443826198578
second,1,0.9954835176467896
watch video end brfearfulface fuck,0,0.9767735004425048
dat kangaroo doe,0,0.9916468858718872
hey i39m australian im gonna say im pretty sure kangaroo flexing pissed lol,0,0.9896742701530457
ray dont go c,0,0.931086003780365
remember google glass popular facewithtearsofjoyfacewithtearsofjoy,1,0.5267885327339172
im kinda sad welcome imgur 2 months ago,0,0.996455192565918
beard doesn39t fit shave,0,0.9995964169502258
video 6 seconds short ray,0,0.9909763932228088
look meth head39s teeth,0,0.958824634552002
hey project views get better grade get asking please click link get views thanksbra href,0,0.7646612524986267
lolbri live arkansas,0,0.7597745656967163
plot twist cop actually meth,0,0.6950308680534363
href omfg cant stop laughing,0,0.992384433746338
good ep,1,0.9998645782470704
remember ray 90 views pepergrage farm remembers,0,0.8115026950836182
lol kangaroo hilarious,1,0.9998503923416138
posted birthday beamingfacewithsmilingeyessmilingfacewithsmilingeyes,0,0.538957417011261
looks like today39s subject animalsbr,1,0.9729560613632202
href breaking wind xd,0,0.9698346257209778
think thailand lives usa,0,0.9675840139389038
beerd sexy,1,0.9997803568840028
buffed kangaroo read somewhere internet something disease sickness sort apparently makes u buffed yes also people quotsufferingquot whatever,0,0.9955780506134032
wait what39s ray leaving someone pls help i39m scared,0,0.9995511174201964
even lift brah,1,0.9439199566841124
come don39t wrap show upbrone episode per week perfect still hilarious,1,0.99974924325943
omg ray funny bro lol,0,0.9764466285705566
even fuck bro hah,0,0.993533730506897
thumb referring jessie pinkman meth head,0,0.984351933002472
3,0,0.9927154183387756
ya haha,0,0.6106148362159729
lmao dbolbrbryo ray u aware,0,0.9968998432159424
koalas ray koala bears,0,0.9815084338188172
669 vidioes lolololololololololoololololpololololololo,0,0.9883527159690856
cellmate going hide nuts fur know mean xd,0,0.9979152083396912
shave bro,0,0.8556793332099915
next videos post quoti approve messagequot diferent accents,1,0.9822291135787964
nice episode laughed ass,1,0.9995928406715392
genetically selective breeding kangaroo,0,0.9617729783058168
lmao rays voice squirrel,1,0.94543719291687
arkansas part game fish mess us pay price,1,0.990059733390808
goddamn funny lost said might cell mate facewithtearsofjoyfacewithtearsofjoy,0,0.9954311847686768
ray u even potato bro,0,0.996460497379303
enjoy steel last,1,0.999858260154724
lookbron yourebrleft deldelgt said left idiot,0,0.9997816681861876
kangaroos tend flex females around,1,0.890834391117096
u even lift bra,1,0.5902043581008911
seriously people proud poop rebels life follow rules get payback think anyone going stall would think quotoh good saving water i39m going poop top thatquot everyone walks away finds another stall,0,0.9961007833480836
hey u know something reason kangroo ripped every single one ripped like u see r standing go google images type ripped kangroos 100x worse,0,0.999419331550598
wrong side road ha americans,0,0.999405026435852
haha kangaroo jacked anyone ok,0,0.9994749426841736
would good stay away href,0,0.9953314661979676
beard,0,0.9755315780639648
screamed said arkansas game fish state felt bad guy looked terrified,0,0.9993630051612854
momma told knock,0,0.996102809906006
dude show give millons views week really going kill show,0,0.9969667792320251
hahahah go ep,0,0.5393205285072327
love show much plz don39t retire,1,0.9996932744979858
rayby come backbrwe blame carlosbri39ll get without seeing kajabrdu du du dududu,0,0.9959476590156556
even fuck bro,0,0.9936931133270264
even fuck brah xd,0,0.9882319569587708
oh yeah,1,0.9974908828735352
cant believe much views ray lostbrgod damn,0,0.9996680021286012
302nd aw,0,0.9915191531181335
riley rewind gonna carry,0,0.9980126619338988
i39m ray william message approve johnson,1,0.9997710585594176
dat crack head doe,0,0.9904584884643556
omg laughed hard,1,0.9814565181732178
finally compare show audience,1,0.9962621331214904
emerged i39m arkansasbr,1,0.6455155611038208
ray shoutout satanists watch show firmly believe dressed satan 6th video sayn,1,0.7402142882347107
hood know right,1,0.9991939663887024
totally dont make videos trust,0,0.999233603477478
quotdo even fuck broquot killed,0,0.9969569444656372
wo,1,0.5430637001991272
jajaja nice episode ray,1,0.9983657002449036
hey funny hahaha,1,0.9996898174285888
dose biceps dow,0,0.9364844560623168
one thing say one thing onlydon39t fuck arkansas game amp fish commission,0,0.99232679605484
come 2 videos,0,0.9895411133766174
href,0,0.979802906513214
awesome i39m pretty awesome check channel sub awesome people unite paperclips,1,0.9998273849487304
hehehehehe,1,0.9578287601470948
shave nasty uneven beard starting look dirtier usual ray,0,0.9964107871055604
best boy electric darth vader thats heavy dude greetings portugal,0,0.9692825078964232
couldnt stop staring two hairless patches beard lol,0,0.9930003881454468
zyzz reborn,1,0.9913389682769777
15 minutes ago already 600 views,0,0.9391704201698304
wonder retiring equals three result often runaway thoughts podcasts,0,0.9986509680747986
3939go spend time family3939i would couldbitch,0,0.994270920753479
awesome video,1,0.999868631362915
people don39t believe evolution,0,0.9945401549339294
pet squirrel,0,0.990284502506256
kangaroo muscled cause it39s big red male,0,0.865516722202301
69th,1,0.9559627771377563
na man meths pretty safe brah,1,0.9961723685264589
try running one muscle built mother fuckers 100kmh,0,0.9961243271827698
low myostatin,0,0.9993360638618468
kangaroo would fuck pacman anyday,0,0.9977217316627502
looked like driving correct side road,1,0.9993440508842468
koala39s aren39t bears,0,0.9828654527664183
varth vader quotbest boy electricquot,0,0.9831411838531494
remember ray made love declaration ellen page like 2011 can39t wait see reaction next video,1,0.9917110204696656
nice video ray,1,0.9998300075531006
fuck cat ladyman fuck don39t know,0,0.9978874325752258
669 videos,1,0.932899296283722
ya,0,0.9770812392234802
note self don39t drink orange juice watching equals three it39s hard laugh,0,0.995654821395874
kangaroo jack,0,0.6851895451545715
good job mr ray,1,0.9998408555984496
great episode,1,0.9998571872711182
aww it39s squerwill,0,0.9982548356056212
videos getting shorter,0,0.9988277554512024
even shave bro,0,0.996553897857666
ray,0,0.9945911765098572
2017 december 19th,1,0.9929139614105223
hey babe u look beautiful dana,1,0.9997945427894592
one best episodes you39ve uploaded,1,0.9997604489326476
isn39t wife asian,0,0.9701483845710754
lmao quotdo even fuck broquot,0,0.9965470433235168
oh look meth head unkel,0,0.9841383099555968
4 cats lol gotta love felines,1,0.9977095127105712
lastpersonwearingturbanpersonwearingturban,1,0.9812785387039183
actually good episode long time,1,0.9997013211250304
even fuck bra lmao,0,0.9826238751411438
quotdo even fuck broquot,0,0.9938812255859376
attention americans koalas bears please stop referring koala bears sincerely australians,1,0.9925134778022766
hell keeps pet squirrel cuz wanna friend,0,0.9981447458267212
totally thought gonna say he39s jacked maybe kangaroo jacked anybody lol sad didn39t,0,0.9985207915306092
one reminded talladega knights last video that39s totally road ricky bobby loses cops,0,0.9969956874847412
exactly fluffer,0,0.9985320568084716
cat thing rollin xd,1,0.9674969911575316
cat impression pretty good,1,0.9998462200164796
8990th like 899 comment,0,0.9477842450141908
shit39s still going wow thought it39d dead,0,0.9982877373695374
href dat voice tho,0,0.995453715324402
4 cats,0,0.8457868695259094
squirrel like ive buried loads nuts laundry basket mothers disappointed,0,0.9992555975914
check href,0,0.9913201928138732
straya,0,0.9987664222717284
app nana want amazon gift codes putting invite code popular youtube videos download app nana get started put code h598130 im boom,1,0.7581284642219543
use buff kangaroos brfor breeding,0,0.9445338249206544
hey ray know say guys 4 cats grinningface,1,0.9971804618835448
quotthe officerquot,0,0.983037531375885
someone tell movember anymore,0,0.9994148015975952
best boy electric darth vader,1,0.9978904128074646
ray ur beard accentuates pretty eyes lol,1,0.9963926672935486
type dog really doesnt care sweetest race,1,0.9951692223548888
sad see shuting epizode,0,0.9997228980064392
kangaroo furry,0,0.5957990884780884
196,1,0.996437668800354
read credits won39t regret,1,0.9960519671440125
dude outno fun find channelsorry,0,0.999686360359192
nh kjen bgurusb ishiati,0,0.9817413687705994
fuck,0,0.9924936294555664
see types roos every straya,0,0.9917049407958984
encase you39re wondering reason kangaroo buff animals either low amounts entire deletions myostatin determines much muscle mass,0,0.9985502362251282
fluffer anna akana ahahaha,0,0.6389545202255249
laughed hard cat part sound like ahah,0,0.8568049669265747
even fuck bro xd ahahhaah,0,0.9899245500564576
good dayz,1,0.9998608827590942
koalas aren39t bears,0,0.9827425479888916
anyone fuck give subject kangaroo likely missing gdf8 gene produces protein myostatin pretty much stops muscle growth certain size without protein body reaches absurd amounts muscle mass without anything else special,0,0.9997801184654236
amazing episode,1,0.9998728036880492
even shave bro,0,0.9941436648368835
male kangaroos don39t pouches saying,0,0.9360620379447936
kangaroo looks like kangaroo john cena,0,0.979381024837494
koala bears drop bearsbr,0,0.988474190235138
watching kangaroo think need pay gym visit,0,0.9990943670272828
even funny equals3 geting worse,0,0.9998074173927308
look definition,1,0.9955020546913148
make videos,0,0.9746444821357728
koalas aren39t bears mate,0,0.9943414926528932
dont pet squirrel,0,0.9922154545783995
fact male kangaroos don39t pouches,0,0.974010407924652
face goddamit,0,0.9985862970352172
href darth vader,0,0.9801329374313354
omg 4 cats cat people unite,1,0.9968845248222352
check gains kangaroo,1,0.9986860156059264
fuck happened squirrel aids,0,0.999431312084198
fucking cute,1,0.999595582485199
ray shave beardand head 3,0,0.98722642660141
shape pubes face man,1,0.9913014769554138
fuck cops,0,0.9898939728736876
xd,1,0.7628415822982788
watching chase part ray said quotdriving wrong side roadquot bri think second brto right side,0,0.993723452091217
gosh squirrel fact fucking cute,1,0.9989691972732544
omg 6 video devil jk love videos,1,0.5257525444030762
time still got ray thanks making morning,1,0.9994489550590516
crack head,0,0.6714558601379395
awsome video,0,0.9940696954727172
kangaroojacked amirite,0,0.9965468049049376
hahahahaha quotdo even fuck broquot,0,0.9951823353767396
kangaroo jacked ok ill leave,0,0.9996755123138428
kangaroo prob mutation,0,0.9938032627105712
lol darth vader,1,0.9854108095169068
still quoti approve messagequot don39t get,0,0.955605149269104
cop vid gameplay battlefield hard line,0,0.971547782421112
u even lift brodo u,0,0.9978678226470948
quit made popular,0,0.999178111553192
bleebs,0,0.9309991002082824
insta slomy1,0,0.99879252910614
capital hill gangsta gone ray questions,0,0.9995872378349304
man cat sound href i39m pretty sure laughed x,1,0.8323661088943481
one best,1,0.9998536109924316
woa you39re video39s improving,1,0.9716107249259948
eh kangourous aus,1,0.7331545948982239
happen comment question day,0,0.9949191212654114
1st,1,0.9989364743232728
kangaroo thing fucked shouldn39t like,0,0.999002993106842
guy arrested notbr br gt brbroff hookbryeahbrarkansas game fish pursuit duh,0,0.9966689944267272
hide nuts laundry basket 2,0,0.9953745007514954
kangaroo though look healthy,0,0.9996917247772216
tried hide nuts dog one time,0,0.9994632601737976
hello rwj hate left u behind know late get back href,0,0.997707724571228
kangaroo real that39s impossible look biatch,0,0.9995079040527344
go jim mom makes best cakes ever,1,0.9996434450149536
quotfuckin39 cutequot,0,0.99762624502182
channel dying makes sad,0,0.9994714856147766
please put href,0,0.9894635677337646
also unshaven beard would awesome forming classic satan goatee mustache sayn,0,0.991647481918335
fuck yeah,1,0.8559030294418335
lol funny,1,0.9998088479042052
gg,1,0.555974543094635
wish buff man hes big,0,0.9670814871788024
there39s something dead faceoops sorry it39s beard,0,0.9997252821922302
4 cats really,0,0.9618452191352844
seen sexy lumberjack mirror lately,1,0.945949137210846
love arkansas href,1,0.856694757938385
6th videobrbr00,0,0.9190601706504822
oh meth,1,0.9366456866264344
dude last vid insanity,0,0.9983951449394226
669th video,1,0.983959972858429
girl want foreverbrboy nobrgirl even like mebrbrboy nobrgirl would cry walked awaybrboy nobrshe heard enough walked awaybrhe grabbed armbrboy pretty beautifulbri dont want forever need foreverbri dont like love youbri wouldnt cry walked away would die walked awaybrboy please stay mebrgirl willbrbrtonight midnight true love realize loves youbrsomething good happen 14 pmbrtomorrow could anywherebrget ready shock lifebrif dont post 5 comments bad luck love next 10 years,1,0.9625449180603028
liked better censored swear words,0,0.9973315000534058
think it39s time let ending 39not knowing flush toilet39 die maybe comment question day every amp,0,0.9994575381278992
hmm actually good episode,1,0.99977308511734
achy breaky 2,0,0.9331250190734864
ray39s performing cat brilliant,1,0.9997549653053284
meth head looked like smeagol lord rings,0,0.9965478777885436
didn39t know kangaroos came black want one,1,0.7122291922569275
moved tail,1,0.9873111248016356
nintendo little girls,1,0.9211143851280212
even fuck bro lol,0,0.9875384569168092
dude breaking bad picture drawing done artist ellewills instagram she39s good artist,1,0.9826328754425048
one funnier videos man,1,0.999498724937439
awesome i39m pretty awesome check channel sub awesome people unite paperclips,1,0.9998193383216858
tuesday,0,0.9940715432167052
lies you39re short take meth,0,0.9994206428527832
video sucking,0,0.9984082579612732
bring cat lauer back,1,0.9895250797271729
squirrel two brain cells one asleep one break,0,0.9957011342048644
one funnier 339s i39ve seen,1,0.8628465533256531
kangaroo jack39dbrhuh,0,0.9977241158485411
4 cats xd fail,0,0.9996235370635986
125th maybe,0,0.9777767658233644
race attack lucky mutha fuken camera man wasnt near would knocked outbrmr roo,0,0.9975109100341796
cat say39s mo sounds like,0,0.9356939792633056
cat immitation,1,0.9848902821540833
ray expected squirrel aids joke,0,0.9953776597976683
xd saw second clip vine exact day saw,0,0.9941126704216005
male kangaroos dont pouches,1,0.6033514738082886
noise,0,0.9973581433296204
females pouchesand also koalas aren39t bears deldel39,0,0.9840717911720276
fucks buried backyardlol,0,0.9981428384780884
whaat video actually really good compared videos keep ray,1,0.998845100402832
well skippy didn39t skipp arm day,1,0.7933084964752197
ray deep english accent sexuality would deeply disturbed,0,0.997611165046692
fuckin crack head br,0,0.9737213850021362
301 club,1,0.9897799491882324
love face hair bro,1,0.9997859597206116
even fuck bra,0,0.9809486865997314
hodgekangaroo,0,0.9952129125595092
another great video keep rwj,1,0.9998325109481812
methead looks like walter white scraggly hair,0,0.9949737787246704
wtf sqirull,0,0.9810139536857604
shave shave shave shave shave shave mean,0,0.9118277430534364
6 video,1,0.9467057585716248
beard that39s say,0,0.9909934401512146
omg videos gold today,1,0.9990216493606568
ugh ears hurting cop video,0,0.9989961981773376
plz garden gnome,1,0.822306752204895
branna anka lol,1,0.9889397025108336
57,1,0.9133513569831848
seriously cops us don39t know deescalate first last things cops learn one seems give fuck people die seriously,0,0.9980654120445251
6,1,0.9097813367843628
href pause read,0,0.9835407137870787
40th comment,1,0.95141339302063
equals 3 simble looks like face a3 penis,0,0.9958890080451964
href best boy electric darth vader,0,0.8197885751724243
video cheered lot cousins death thanks ray,1,0.9996501207351683
rwj literally looks like younger bruce jenner,1,0.9354474544525146
cop dick wtf,0,0.9855668544769288
like chicken,0,0.8432941436767578
kangaroo jack much,1,0.8733271956443787
used live arkansas people look like lol,1,0.9961146116256714
176th,1,0.9956324696540833
hilarious ray always best podcasts nothing showcase considerable talent bro,1,0.9990177154541016
oh god laughed hard methhead,0,0.916159689426422
reason buff low miostatin,0,0.9977489113807678
bestest accurate cat impression youtube,1,0.9990109205245972
u even forum bro,0,0.93891441822052
matter fact bench press 4 koala bears morning thank much,1,0.9997125267982484
stalking ya mom,0,0.9983747005462646
112th,1,0.9901677370071412
well actually it39s likely kangaroo low amount myostatin protien limits muscle growth it39s blood also evident many animals blue cattle dogs could wrong probable reason kangaroo like look watch asapscience video quotthe scientific secret strength muscle growthquot,0,0.9921730756759644
lolol,0,0.9475796222686768
hey raybri39ve seen video it39s goingis viral called quotstar wars olquot u check outbrbron side note see please like comment,1,0.9891496300697328
kangaroo remainds ricardo milosgrinningfacewithsweatfacewithtearsofjoyfacewithtearsofjoy,0,0.9091589450836182
squirrel,1,0.9922903180122375
billy mays another fantastic product,1,0.9998488426208496
ray looks like billy mays,0,0.6725587844848633
kangaroo muscular,0,0.9859682321548462
quotdont move get groundquot confusing,0,0.999367654323578
meth even,0,0.9494483470916748
thought first person shooting game character holding gun look like screen freaking real life doom seeing,0,0.997033953666687
didn39t bleep href,0,0.9892684817314148
black men fear buffed kangaroos prison brbrbr href,0,0.9923993945121764
funny thing thats even big kangaroo male red kangaroo39s kick u soo hard could kick chest,0,0.9715266227722168
waiting someone come say quoti meth i39m offendedquot,0,0.995855987071991
href,0,0.9945340156555176
know it39s cool watch bearb decrease playlist go,1,0.5035539865493774
marathon 3 videos,0,0.992592751979828
kangaroo buff lack myostatin,0,0.9955307841300964
kangaroo gonna bury squirrly nuts meth head,0,0.9968799352645874
let get straight 301 views 12360 likes makes sense,0,0.9977636337280272
ray tried meth anna would kick ass,0,0.9967888593673706
remember censored vids times,0,0.9988621473312378
state game wardens much power state trooper,0,0.5586134791374207
comedy ah,0,0.6077004075050354
meth even nigga,0,0.9118470549583436
6th video,1,0.9915278553962708
pop,1,0.998441517353058
dude car looks like paul tokin xd tokinglx,0,0.9837622046470642
he39s kangaroo jacked,0,0.9950333833694458
need see share video href,0,0.9345284700393676
al animals live harmony ray it39s raise like kids,1,0.9987844824790956
talk first person shooters lmao,1,0.9702978134155272
169,1,0.9176824688911438
lol watch tht squirrel video lt3,0,0.905054807662964
sometimes hide nuts laundry basket,0,0.9970898628234864
exactly ray turn midget version osama bin liden,0,0.998288094997406
ray dod u start ur vhannelbrplease like,1,0.933822751045227
love quotprevious videoquot part end fit,1,0.9997406601905824
love videos hahahah,1,0.9996196031570436
u even lift bro,0,0.7069092988967896
darth vader href,0,0.9735822081565856
love ray,1,0.9998708963394164
even fuck bro hahahaha,0,0.9916109442710876
show resurrected awesome videofbb good job ray,1,0.999796450138092
cops google glass best idea ever,1,0.9912971258163452
guess thats new kangaroo jacked,0,0.9956350922584534
it39s moms birthday shoutout,1,0.9958617687225342
koala bears,0,0.9960875511169434
new series quotkangaroo shorequot gtl,0,0.9905224442481996
meth exactly it39s second time gets,1,0.9912142753601074
forgot comment questionbr,0,0.9988325238227844
93rd,1,0.9900918006896972
okay,1,0.9991324543952942
href boy electricbrdarth vader,0,0.7735713720321655
like guys watch it39s nice watch,1,0.9998408555984496
enjoy ties,1,0.9998749494552612
jesse pinkman,1,0.9993477463722228
thought retiring 3,0,0.9935677647590636
girlfriend like ben bernake beard,0,0.9950746893882751
squirrel seriously cutest thing i39ve ever seen promise ever,1,0.9997913241386414
australia strong wild life benching 70,1,0.9941219687461852
haha four cats cat man,0,0.9888577461242676
god bless great day,1,0.9998670816421508
dog like hell,0,0.998488426208496
solid episode enjoyed thoroughly,1,0.9998797178268432
wo,1,0.98227721452713
yearskangaroo jack liftin39,1,0.9920583367347716
looks like dog,0,0.9905616641044616
guys try youtube center addon brings back actual buffering,0,0.971071720123291
ima go find nut,1,0.9932737350463868
look guys face felt bad,0,0.9996504783630372
three cat39s,1,0.9794562458992004
glock ftw,0,0.977783739566803
love show,1,0.999881148338318
instead sh sh sh sh sh sh endings could next one ray imitating cats,0,0.998752236366272
ray gets crazy funny videos,1,0.9996765851974488
ray draw life video 39cause i39m awfully curious pasti mean jokes dad abandoning well something bad mom hilarious really wanna know happened,1,0.9799371361732484
wha got 4 cats crazy cat lady ray,0,0.9908349514007568
fish police fish police ever fish police deos,0,0.9932191967964172
cop stupidi understand force attacking put gun sake seems stupid seems mad thats,0,0.999099612236023
kangaroo roids vs mike tyson,0,0.6415978074073792
always starts episodes walking camera notingbrlol,1,0.9547756314277648
squirrel nuts,1,0.7188153266906738
good episodo finally,1,0.999767243862152
ray u look like hobo guy cant chuz,0,0.9966578483581544
wondering cop driving gun handsbr,0,0.9979971051216124
join tali39s,0,0.9954521059989928
2,0,0.9954630732536316
using fertilize grass steroids,0,0.9991255402565002
female kangaroos pouches 3,0,0.7864761352539062
lol first time watching rwj 2 yearsbrbr,1,0.9949021339416504
hey u swear alittle less enjoy watching u mum lol,1,0.9742253422737122
ray please yo say allah akbar allah akbar,1,0.9566160440444946
4 god damn cats wow,1,0.998443067073822
arkansas game fish also saved officers ped39s lives shootout west memphis walmart guys killed two cops wounded another,1,0.922468364238739
pet squirrel cute,1,0.9953908920288086
poor methhead,0,0.999688982963562
third one looks like call duty cops edition,0,0.9911541938781738
stupid hobo,0,0.9997782111167908
thought retiring bruh,0,0.9969569444656372
10,1,0.9376067519187928
best cat impersination ever,1,0.9986427426338196
kangaroo must jack lot ehh,0,0.993697464466095
353 dat face fish,0,0.995605766773224
669 videos,1,0.8796065449714661
l,1,0.940115451812744
omg uploaded birthday,0,0.9768586754798888
google glass available cops,1,0.6909652948379517
koalas aren39t bears tt,0,0.9886119961738586
omg cat quotmrquot got x39d,0,0.9720627665519714
kangaroo double muscled look,1,0.991731584072113
really people still call koalas koala bears live australia said i39d ether dreaming crack,0,0.9878437519073486
jesus christ squirrel adorable,1,0.991203546524048
review panssarijuna hullu ja epnormaali,0,0.9168335795402528
shavebrplzbrfor us,1,0.8727819919586182
best cat impression ever,1,0.9997026324272156
brkangaroo jack anyone,0,0.9954593777656556
raysyndrom dont watch videos like 1 month find watched newest weird i39ve like 2 years,0,0.9804136157035828
kangaroo jacked,0,0.9977843165397644
wasint nice,1,0.9990645051002502
ray fool can39t believe everything youtube called special editing could thing computer free,0,0.9993209838867188
10th,1,0.9980341792106628
hate guy always showing feed dont subscribe,0,0.997401475906372
american cops crazy,0,0.9689493179321288
cute aw,1,0.9968671202659608
hate say hate person i39m feeling beard c great vid,1,0.9945481419563292
mate thats cow sound cat hahaah,0,0.9913541674613952
holy shit rooroids,0,0.9981752634048462
shot bird dog finished,0,0.7635383605957031
tobuscus first video,0,0.9978750944137572
bra href dat stare doe,0,0.9955509901046752
kangaroo something would want fuck,0,0.8321169018745422
deffinetly better one,1,0.9880173206329346
best video,1,0.9998371601104736
thanks ray,1,0.9998262524604796
kangaroo yolo lifted,0,0.9699694514274596
four cats brbrmaybe time ditch anna,0,0.9993898868560792
2 40,1,0.9497778415679932
href heres dildo,0,0.9797092080116272
thats always hide nuts laundry basket,0,0.9899898767471312
nopeavi,0,0.9990517497062684
four cats explains crazy muzzle thing going,0,0.9772586226463318
hahaha nice video,1,0.9997648596763612
shave bro,0,0.5457205176353455
police chase video put shafte theme song hes driving car gets get driver song gets softer idk suggestion,0,0.9929527640342712
friend pet racoon,0,0.9202314615249634
3939oh gawwhd3939,0,0.9874144196510316
ray wi way fuzzy bear,0,0.9743478894233704
lol imagine faces came along red kangaroo they39d freak,0,0.975305438041687
ray stop using men beard dye looks funny,1,0.9568699598312378
police man glock 18,0,0.9022723436355592
know kangaroo name joey asshole bit sues,0,0.9980356097221376
keep coming meth ray,1,0.7270999550819397
lmao first time actually read credits end,0,0.8937195539474487
love vidbr,1,0.9998617172241212
look alright four cats see squirrel they39re like bevil cat meowb died laughter,0,0.975425899028778
love cat imitation,1,0.9978936314582824
live australia kangos like arent unommon,0,0.978688895702362
u know wow cups hell work,0,0.7090188264846802
must success usa look like satan worshipper,0,0.9260385036468506
got early,1,0.9954588413238524
see floor icejjfish,0,0.9060948491096495
50th,1,0.9994364380836488
male red kangaroo biggest type kangaroo 2m tall actually stood 5m away one camping outback intimidating animals cool also delicious although would imagine red kangaroo meat would tough,1,0.9989159107208252
meth even,0,0.9263938069343568
wanted 3 videos,0,0.9693377017974854
love u raybri mean homosexual way possible,1,0.9979903697967528
man ray announced quitting feel like every show hanging want something,0,0.9892492294311525
href perfect impersonation congress simply perfect ray,1,0.9986618757247924
that39s another reason australia deadliest country,0,0.996215522289276
what39s quotspot mequot joke wrong wanting safe,0,0.9989560842514038
669 videos brilluminati,0,0.5208740830421448
one funniest episodes you39ve done keep goin39 strong till end ray,1,0.999789535999298
gayman fish,0,0.5191726684570312
href could make joke balls men balls,0,0.9930238723754884
kangerroo,0,0.5670398473739624
try trimming beard man,0,0.9893859624862672
yay new video,1,0.97847718000412
waiting sqaids joke,0,0.998810887336731
even lift,1,0.9991360306739808
4 cats hah make laughbri eleven,1,0.9993682503700256
squirrel,1,0.9920045733451844
hate much aussies life bro,0,0.981460988521576
dosent ray review gangnam style,1,0.5847205519676208
href i39m longer alive xd,0,0.9993847608566284
great ray i39m going going around asking females fuck bro,1,0.986451268196106
39roo genetic defect causes double muscular mass like biceps twice large two biceps per arm,0,0.9892471432685852
dont stop,1,0.963034451007843
dont end series,0,0.983237087726593
would like say husband loved show passed away yesterday finished watching episode put smile face thank ray,1,0.9997779726982116
three awesomebr,1,0.9998621940612792
fuck podcast continue equals three please,0,0.994357168674469
href farts flexing lol,0,0.9968546628952026
2 videos,0,0.992155373096466
credits says quot best electric boy darth vaderquot,1,0.9997250437736512
got excited ray said quotsquirrel burying nuts dogquot turns expected,0,0.9996349811553956
href funniest part last episode preview xd,1,0.9920787215232848
kangaroo fucking insane regularly see kangaroos i39ve never seen,0,0.982008695602417
serious talent man facebook randomly clicked name saw one videos directed oh god best directing ever seen indie video ever keep man serious skill respect,1,0.9997866749763488
even lift brah,0,0.9971293807029724
look rap god right corner,1,0.9328125715255736
i39m kangaroos bitchiest,0,0.9897833466529846
manly beard,1,0.9983872175216676
noticed credits fluffer anna akana,1,0.9949719905853271
ok il spot u,1,0.9967902302742004
hahaha hilarious ray back,1,0.9986507296562196
nice beard,1,0.9995167255401612
guy kangaroos don39t pouch girl ones,0,0.984826683998108
href u sound like toddy gundarr mondomedia cartoon lol,0,0.9961466789245604
know i39ll using quotdo even fuck broquot,0,0.9952704310417176
flush darn toilet bro,0,0.9980888962745668
hey everyone know probably get comments time im sorry im spamming know probably call desperate way reach world channel posting awesome videos ranging gaming sports entertainment much brbrso could take seconds day subscribe would mean world helps muchbrbrthank really thankful,1,0.996593415737152
ray back agame,1,0.8410003185272217
you39re hilarious rey,1,0.9998759031295776
day cat growl doe xd,0,0.9853262901306152
make day,1,0.99973863363266
every thing australia big,1,0.9993476271629332
669 videos,1,0.7763733267784119
beard looks amazing ray,1,0.9998490810394288
hide nuts laundry basket,0,0.9962691068649292
58th comment,1,0.6109573245048523
looks like black billy mays,0,0.9828945398330688
href ray fart,0,0.9971631169319152
6 likes xd,1,0.8583472371101379
half expecting flex pointed discription box,0,0.995328426361084
hate show ending love podcasts,1,0.9981082677841188
police brutality,0,0.9944465160369872
funniest episode far,1,0.9998123049736024
video 6 develish,0,0.9974340796470642
squirrel awesome,1,0.999821960926056
squeral cute,0,0.9998010993003844
welcome gun show damn,1,0.9966689944267272
it39s time stop nsa spying us href take seconds today day fight back,0,0.9963492155075072
nut thing say squrill hiding nut dogs hair see,0,0.9445829391479492
6th video 0,0,0.947516918182373
excellent episode,1,0.999859094619751
ray giving kangaroo american accent wtf,0,0.9956626296043396
kangaroo must australian work knuckles echidna,0,0.9972594976425172
shave,1,0.7056136727333069
warning video contains squirrel aids,0,0.9987461566925048
hahahah,1,0.5309908390045166
ray dog called bernese mountain dog probably one friendly dogs breed,1,0.9979526996612548
maybe someone giving steroids,0,0.9977850914001464
best videos rewatch drunk gonna lie may wasted,0,0.6462202072143555
amo al canguro lt3,1,0.8627784252166748
lol da 669th vid,0,0.9921104311943054
17 november 2016,1,0.9927219748497008
feel like youtubers moving mean epic meal time smosh toby ray cutting hobby stuff still good though ray guys videos feel like money,0,0.9800990223884584
said second thoughts meth like dafuckbr,0,0.9988206028938292
lol dog likes scratching side,0,0.8590073585510254
someone pet squirrel,0,0.9970496892929076
heeyy waduup make videos mind checking em thanks whole lot,1,0.8326689004898071
even fuck brah,0,0.9961583018302916
ray hipster,1,0.9935684204101562
wow much swearing,1,0.8686638474464417
dat myostatinrelated muscle hypertrophy doe,0,0.99457186460495
u even lift,0,0.9910597205162048
6th vid,1,0.9617199301719666
poor kangaroo steroids nothing else,0,0.9989176988601683
video absolutely nuts whatbrps beard makes look like offender,0,0.9981356859207152
lol credits quotbest boy electricquot quotdarth vaderquot,0,0.8308752775192261
hahah laughing ass brlong time best vid,1,0.9927161335945128
every time,1,0.9954765439033508
shave look like cave man,0,0.992155373096466
understand mr squirreleven sometimes try hide nuts inside bitch,0,0.6106010675430298
one funnier videos made feel like really long time actually lol39d,1,0.993225872516632
669 vids xd,0,0.9446238279342652
lol relatively small kangaroo check 2m reds,0,0.8024530410766602
i39ll come back beard goes,0,0.9539999961853028
rebirth zyzz brah,1,0.9974923133850098
kangaroo better start squats,0,0.9983248114585876
nice episode,1,0.9982695579528807
thought told shave ugly beard,0,0.9993112087249756
ive never seen kangaroo buff jeez,0,0.5215253233909607
roger jr,0,0.9650877118110656
cat sound hahahaha,1,0.6200841069221497
kangaroo omg,0,0.8770076632499695
pet squirrel,0,0.8849257230758667
video say hes leaving 3,0,0.9976540207862854
kangaroo jack get get,0,0.9962144494056702
kangaroo jacked,0,0.9918644428253174
153,1,0.9436142444610596
6th video,1,0.7414599061012268
super video ray excellenti new youtuber,1,0.9994675517082214
even lift,0,0.8649176359176636
shave beard goddamned,0,0.9971320629119872
make ray ju rock,1,0.973645567893982
listen href beginning forces hear fart lol,0,0.9934598207473756
lol real life jessie pinkman,1,0.9609382152557372
arkansas ltlt,0,0.9714791774749756
what39s business 300 club,0,0.9965936541557312
surprised didnt make kangaroo jack joke lol,0,0.7025436162948608
think kangaroo male kangaskhan would look like,1,0.7856923937797546
ray fucking love man fucking love,1,0.9995748400688172
much better stupid podcast,1,0.5509116053581238
realised called 3 pomf,0,0.9974894523620604
ones else notice 6th vid coudence think jk love vids ray keep good work,1,0.9994719624519348
haven39t watch ray almost 3 years god change,0,0.9614617824554444
whould funnier squirrel busted nut huehuehue,0,0.997496783733368
hey ray lookin catch hands cuh jk love,1,0.9998243451118468
even fuck bruh,0,0.99614679813385
6th video holy crap yesterday tv turned volume turning loud possible 6 showed last happened tv shuts itselffreaky,0,0.9990617632865906
one fucking funny except meth guy kind boring funniest one,1,0.9985600113868712
rewiew frozen censored,0,0.9993945360183716
quotdo even fuck broquot lmfaoo best part ever,1,0.9951386451721193
wow calling alien kangaroo desiase fuck,0,0.989826202392578
who39s funnier spoken reasons aka askin questionsbror raywilliamjohnson,0,0.9514621496200562
damn cop grabbed dude hair,0,0.9894667267799376
i39m russia it39s normal,1,0.7967182397842407
squirrels trying get nut,0,0.9992142915725708
fuck cops mean game wardens,0,0.9988964796066284
ray stop making shorter videos slowly push us away going end channel lease end good note,1,0.9823768138885498
fuck cop tell look,0,0.9984772801399232
friend he39s kangaroo name arnold,1,0.989284098148346
href ray sounds like dirt bike,0,0.99845290184021
first,1,0.9977535605430604
thats real kangaroo jack39d,1,0.9570100903511048
one word kangaroobrsteroids,0,0.989487648010254
dude thing koala bearbrit39s koalabrbrbrbrbrpineapples dbr href href,0,0.9966720342636108
hm kangaroo must belong chuck norris,0,0.9951287508010864
href,0,0.995889127254486
say fuck guys,0,0.9897230863571168
jesus kangaroo must onlikekangaroids,0,0.9915703535079956
kangaroo wearing costume,1,0.9726118445396424
like picture legal dianabol instead real steroids,0,0.994001567363739
dat pose doe,0,0.9764212965965272
dog epic u know al fucks id give buried backyard haha,0,0.981804370880127
honestly pretty fbb funny episode,1,0.9962266683578492
fluffer anna akanabrbrwell played rwj well played,1,0.999737560749054
dix je approuve thas message,1,0.5942479372024536
even fuck bro oo39,0,0.9950926303863524
you39re funny anymore,0,0.9996880292892456
2 bernese mountain dogs one exactly like one video gentle giants great family daycare kids mom babysits wouldn39t hurt fly,1,0.9997431635856628
kangaroo reminds joey madagascar,1,0.9386079907417296
ray go sir fendora channal asked one like look many,1,0.964991569519043
meth like huge drug 39merica,0,0.9458820819854736
would kangaroo sound like black man ray,0,0.9980720281600952
hahahahahahahahahaa,0,0.985340178012848
still subbed channel,0,0.9937223792076112
like,1,0.99985933303833
meowbr,1,0.9991212487220764
agree playstation always better,0,0.8804382681846619
it39s steroids,0,0.9880359768867492
kangaroo like quoti yokedquot,0,0.9967678785324096
even fuck,0,0.9880318641662598
see darth vader name credits,0,0.9974600672721864
genes man people born buff p yeah,1,0.7107377648353577
kangaroo goes ham daily,0,0.987667441368103
kangaroo like quotyeah work outquot,0,0.989593267440796
good one funny,1,0.9998799562454224
65,1,0.9972909092903136
sounds like xrpmx13,0,0.9930428266525269
welcome australia,1,0.9998238682746888
camera man first vid sounds like tobuscus,0,0.9851945042610168
first comment,1,0.950330376625061
da fuk swear kangaroos abs abs abs abs well get picture,1,0.996190071105957
koala bear ray bear,0,0.996460258960724
welcome arkansas,1,0.9996838569641112
hey ray it39s long time havent watch long time youtubers like markiplieryamimashand pewdiepie still thank making happy also nice beard,1,0.9996635913848876
female kangaroos choose mates males biggest biceps thought would want know ray href,0,0.8859875202178955
kangaroo listens nba young boy,1,0.9686216115951538
meth lt3,0,0.9981653094291688
arkansas u see meth head home state,0,0.9009770154953004
even fuck bruh nice,1,0.7527754902839661
kangaroo squirrel father disappointed son,0,0.9996826648712158
best rwj video,1,0.9997031092643738
hes kangaroo jacked,0,0.9919390082359314
steroids,0,0.9722221493721008
ray u r best u play silly get dude,1,0.999053418636322
quot make raywilliamjohnson see thisquot dont stop keep making videoes,1,0.9321226477622986
wow actually good set videos,1,0.9996964931488036
ray going coked scorsese phase,0,0.9686429500579834
damn kangaroo flexing,0,0.5457363128662109
dear raythe way u sayquothe fuck u upquot killing hahahahah,0,0.9970223307609558
go check videos hope make laugh,1,0.999408721923828
want riley rewind,0,0.9996942281723022
like could even find mass,0,0.9826404452323914
kangaroo probably test subject steroids,0,0.996678590774536
single effective line quotif thinking fishing without permit fuck upquot haven39t laughed hard since little girl well executed,1,0.9991614818572998
help,1,0.9892712831497192
squirrel nice giving dog nuts,1,0.9906161427497864
straya,0,0.9962989687919616
1266th,1,0.9884286522865297
kangaroo would zyzz spirit animal,0,0.5891147255897522
jessie hot,1,0.9973010420799256
kangaroids,1,0.9798301458358764
aussies stacking countries lift,0,0.9195119142532348
mexican indian,0,0.9761365652084352
ray should39ve said meth head goes jail dog isn39t gonna one quotnuts buried himquot,0,0.9922186136245728
headphoneusers beware second video,0,0.9952419996261596
kangaroo run faster hands legs think xd,0,0.9805228114128112
men39s asses,0,0.9573857188224792
obama dog sayin39,0,0.90333354473114
could remember squirrel aids thing,0,0.9980378746986388
kangaroo jack3d,0,0.9758087396621704
squirrel,1,0.993285059928894
funny loo nice video choices,1,0.9997679591178894
feel bad guy thoughlike terrified scared felt bad,0,0.999724805355072
oo,1,0.9636330604553224
anyone actually wanna live quotbreaking bad lifequot meth cook bunch money never really enjoys doesn39t sound fun,0,0.9992623925209044
lol anna39s name says fluffer lol,0,0.9437126517295836
hey ray disappointed crush ellen page lesbian,0,0.9941853880882264
figured meth head,1,0.951633870601654
poodle,1,0.8872056007385254
ray he39s like jackedbrbrme guess could say kangaroo jacked,0,0.9950212240219116
live arkansas lot meth heads gettig crazy check,0,0.9791154861450196
kangaroo serious roids,0,0.9762618541717528
lol quotgoogle glass commercialquot,0,0.9978051781654358
hey ray imma koala,1,0.9991340041160583
meth head kinda looks like danny fron gamegrumpsbr,0,0.9972577691078186
lolz,0,0.9826576113700868
bernese mountain dog they39re really peaceful dog never hurt anything xd,1,0.9987910389900208
funniest video you39ve made yet,1,0.9998268485069276
bring back comment question day,1,0.9839529395103456
squirrels forget bury nutsgrey squirrels forget 50 time kind nature39s way planting trees,0,0.99901020526886
yo,1,0.9966350197792052
lol href,0,0.9921403527259828
tha la douche drinking kale smoothies dam kangaroos,0,0.9841731786727904
raywilliamjohnson top,1,0.999809205532074
everyone please bare read followingbrsince everyone coming closet lately want saybri coming heterosexual straight guy yep may come shocking many like pussy like whole live born waybri finally come terms self hope family friends accept,1,0.9973639845848083
guess name must39ve beenkangaroo jack39d,0,0.9973189234733582
happened kangaroo jack br,0,0.986283540725708
apathetic psh little words beard guycome,0,0.99673330783844
pet squirrel,0,0.9974931478500366
man beard looks like wombat sat face sleeping left it39s ass face,0,0.9977409839630128
ray bro last heard song bit oh titties glad maken big bro got props,1,0.9844691157341005
it39s first time i39m commenting,1,0.9663061499595642
roger tekken,1,0.9896937012672424
moh omfg i39m dying br,0,0.9979221224784852
best one,1,0.9998478889465332
funny stuff,1,0.999799907207489
laught ass part cop,0,0.9660932421684264
dog high,1,0.975140392780304
quotdo even bend broquot,0,0.993278443813324
whoo io9,0,0.9660639762878418
squirrel xd omg can39t get enough,0,0.9989064931869508
much better episode last week,0,0.7728989720344543
celebrity crush came closet ray ellen paige wondering,0,0.987493932247162
kangaroo steroids,0,0.9944061040878296
face made hahah,1,0.9993815422058104
obama youtube channel say,0,0.926251232624054
koalas nothing bears koalas,0,0.973422348499298
thanks ray sleep peace,1,0.9991527795791626
hey hoodie,1,0.93242746591568
4 years last real ray episode equals 3,0,0.9706780910491944
know fucks give yeah burried back yard,0,0.9918920993804932
squirrel got nuts deep dog brthat one obvious ray still didn39t go,0,0.9933629035949708
best video last times,1,0.9998180270195008
what39s happening forum,1,0.9955801367759703
u don39t drugs,0,0.9004197716712952
proud become johnson,1,0.9998427629470824
fluffer anna akana,1,0.7013017535209656
squirrel stuck nut dogs ass xd,0,0.9987279772758484
wait wait thoughts meth,0,0.998607337474823
okay dont speak dont show face show videos speak dont scream man egh,0,0.989504098892212
scrat,1,0.9979223608970642
warriors virtue,1,0.999805748462677
10th view,1,0.996712327003479
difference rwj 2 years ago 2 years ago try laugh it39s try find excuse laugh,0,0.999076008796692
squirrel cute 3,1,0.9997318387031556
heard fart href,0,0.9936518669128418
comment question,0,0.9791399240493774
isn39t physically impossible kangaroo walk hind legs,0,0.9753537774086
hide nuts,0,0.9938181042671204
biceps tho,1,0.9266781210899352
kangaroo awesome,1,0.9998376369476318
looks like cg tho,0,0.9874117374420166
dog worthless,0,0.9997835755348206
video 6 spooky,1,0.981050193309784
best boy electric darth vader lol,1,0.99734228849411
beard scaring c,0,0.9666668176651
best cat impression ever xd,1,0.9997019171714784
nice one right mate biggups,1,0.9997005462646484
going stop make good,1,0.9997143149375916
fuck,1,0.8601195216178894
deez nuts,1,0.5115334391593933
14th,1,0.9974052309989928
href hahahah,0,0.9537079334259032
third video looks like video game,0,0.9943851232528688
yoo laughing quotno one think look herequot comment got fuckinn rolling,0,0.9990587830543518
69 views lol,1,0.9625200629234314
comments possible,0,0.989788055419922
think kangaroo sick,0,0.9992955923080444
href furry39s wet dream,0,0.9823654294013976
hilarante cague de risa haha keep,1,0.9994600415229796
href cats cows,0,0.98631489276886
yayy state finally something enjoy watching,1,0.9988287091255188
ray looks nice hair slighly neater video,1,0.9835240244865416
haha squirrel voice,1,0.9636074900627136
lol thabuff kangaroo made episode,0,0.9580846428871156
quotyou know fucks give buried backyardquotbrbrseriously funny dude love haha,1,0.9969347715377808
best boy electric darth vader haha wtf,1,0.9953866600990297
rays first 3 video called,0,0.9976813793182372
meth,0,0.998282551765442
haha quotdo even fuck broquot hilarious,1,0.999081254005432
loved video,1,0.9998741149902344
bad cop didnt go pro,0,0.9964396357536316
thumbs you39re viewer 302,1,0.9989411234855652
volume warning,0,0.9986847043037416
imagine ray william johnson playing movie steve carell jim carrey farell wouldn39t amazing,1,0.9085554480552672
i39m ausrtalian love animals kangaroo insane zoo rock ray,1,0.8168380856513977
href,0,0.9970417618751526
u even lift bro lol,0,0.9971975088119508
it39s koala koala bear bearsbr,0,0.9981484413146972
way ray says cute new cracking adorable though,1,0.9997976422309875
never heard cat mooing,0,0.9617214798927308
dont approve message never btw need hide nuts,0,0.9994969367980956
kangaroo jack got jacked p,0,0.996074676513672
good impression angry cat ray,1,0.999032735824585
i39m still wow,1,0.9995205402374268
105thbr,1,0.9024140238761902
dude you39re seriously creepy beard,0,0.9376482367515564
cant watch serious podcasts listen yourfavoritemartian watch equals three cant,0,0.753763735294342
testing things added,1,0.990626573562622
cute bernese mountain dog,1,0.9990671277046204
fluffer anna akana,1,0.8666149377822876
glock 18,1,0.8110187649726868
review video mom dancing son wedding,1,0.9703474640846252
squirrel should39ve hid nuts dog39s ass one would ever look,0,0.9990837574005128
kanga cellmate joke couldve easily slipped burry nut kinda deal,0,0.9974573254585266
300,1,0.7395035624504089
methage bryou39re welcome,1,0.9997182488441468
hahah think dog dosent mind,0,0.8735517859458923
hey everyone everyone hey uhm hi bri nothing say,0,0.9811668992042542
quotfirst associate chief exorcismsquot actually sounds like quotbig bobquot must tough days office lol href,0,0.9989983439445496
last one like cod irl,0,0.9980552196502686
don39t drugs kids,1,0.9751238226890564
upload please,1,0.9954718351364136
watching video i39m like quotmeaoowquot,0,0.9473609924316406
selective breeding likely kangaroo buff cows usually selectively breed often produce meat muscle equals meat selective breeding allow stronger animal reproduce example eventually genes passed generations buff animals fastest method evolution however might kangaroo buff learned something new,1,0.9275559186935424
kangaroo reminds knuckle new design,1,0.9436498880386353
haha nothing personal ray really shave look attractive younger without beard,0,0.5526672005653381
dude beard looks good you39re like matt le blanc grow beard,1,0.9995217323303224
jacked like kangaroo jacked eh eh one alright,0,0.9955905675888062
kangaroo weird overdeveloped muscle disease lol,0,0.9987473487854004
cute p,1,0.9998620748519896
isn39t funny anymore,0,0.9988129138946532
first vid tobiegames,1,0.7395670413970947
cop video loud could actually hear volume joke,0,0.9930881857872008
kangaroo jacked,0,0.994191348552704
tip,1,0.9912625551223756
hilarious video haha,1,0.9998615980148317
unce,0,0.9900748133659364
good time retire episode bruh,1,0.9992210865020752
